onset	duration	trial_type	value	sample
220.556	4.5	left_hand	1	55139
229.996	4.5	right_hand	2	57499
248.268	4.5	left_hand	1	62067
256.416	4.5	right_hand	2	64104
291.924	4.5	right_hand	2	72981
300.752	4.5	right_hand	2	75188
310.356	4.5	right_hand	2	77589
354	4.5	right_hand	2	88500
363.736	4.5	left_hand	1	90934
372.772	4.5	right_hand	2	93193
399.812	4.5	right_hand	2	99953
428.424	4.5	left_hand	1	107106
438.268	4.5	right_hand	2	109567
448.112	4.5	right_hand	2	112028
465.564	4.5	left_hand	1	116391
484.644	4.5	left_hand	1	121161
494.444	4.5	left_hand	1	123611
530.584	4.5	left_hand	1	132646
557.724	4.5	left_hand	1	139431
565.908	4.5	left_hand	1	141477
579.764	4.5	left_hand	1	144941
588.924	4.5	left_hand	1	147231
598.364	4.5	left_hand	1	149591
624.784	4.5	right_hand	2	156196
642.364	4.5	left_hand	1	160591
660.292	4.5	left_hand	1	165073
678.724	4.5	left_hand	1	169681
687.96	4.5	right_hand	2	171990
704.992	4.5	right_hand	2	176248
713.22	4.5	left_hand	1	178305
732.104	4.5	left_hand	1	183026
741.14	4.5	right_hand	2	185285
768.18	4.5	right_hand	2	192045
796.792	4.5	right_hand	2	199198
843.66	4.5	right_hand	2	210915
862.812	4.5	left_hand	1	215703
881.068	4.5	right_hand	2	220267
889.828	4.5	right_hand	2	222457
908.772	4.5	left_hand	1	227193
918.036	4.5	right_hand	2	229509
966.732	4.5	left_hand	1	241683
976.02	4.5	left_hand	1	244005
1002.312	4.5	left_hand	1	250578
1010.732	4.5	left_hand	1	252683
1028.66	4.5	right_hand	2	257165
1037.488	4.5	right_hand	2	259372
1056.328	4.5	right_hand	2	264082
1064.536	4.5	right_hand	2	266134
1073.36	4.5	left_hand	1	268340
1127.08	4.5	left_hand	1	281770
1136.548	4.5	right_hand	2	284137
1146.304	4.5	right_hand	2	286576
1155.952	4.5	left_hand	1	288988
1184.848	4.5	right_hand	2	296212
1193.036	4.5	right_hand	2	298259
1240.62	4.5	right_hand	2	310155
1258.196	4.5	left_hand	1	314549
1267.32	4.5	left_hand	1	316830
1277.14	4.5	right_hand	2	319285
1302.644	4.5	left_hand	1	325661
1325.66	4.5	left_hand	1	331415
1353.372	4.5	left_hand	1	338343
1370.68	4.5	right_hand	2	342670
1387.208	4.5	right_hand	2	346802
1415.46	4.5	left_hand	1	353865
1424.696	4.5	right_hand	2	356174
1432.904	4.5	right_hand	2	358226
1441.728	4.5	left_hand	1	360432
1449.956	4.5	left_hand	1	362489
1477.876	4.5	left_hand	1	369469
1487.012	4.5	right_hand	2	371753
1495.448	4.5	right_hand	2	373862
1504.916	4.5	right_hand	2	376229
1514.672	4.5	right_hand	2	378668
1553.216	4.5	right_hand	2	388304
1589.748	4.5	left_hand	1	397437
1608.988	4.5	left_hand	1	402247
1645.508	4.5	left_hand	1	411377
1654.772	4.5	left_hand	1	413693
1671.012	4.5	right_hand	2	417753
1694.028	4.5	left_hand	1	423507
1712.756	4.5	left_hand	1	428189
1721.74	4.5	right_hand	2	430435
1739.048	4.5	left_hand	1	434762
1747.468	4.5	right_hand	2	436867
1765.396	4.5	right_hand	2	441349
1783.828	4.5	left_hand	1	445957
1793.064	4.5	left_hand	1	448266
1837.208	4.5	right_hand	2	459302
1855.38	4.5	right_hand	2	463845
1873.284	4.5	right_hand	2	468321
1911.74	4.5	right_hand	2	477935
1921.584	4.5	right_hand	2	480396
1929.772	4.5	left_hand	1	482443
1939.036	4.5	left_hand	1	484759
1958.116	4.5	left_hand	1	489529
1967.916	4.5	right_hand	2	491979
2004.056	4.5	left_hand	1	501014
2013.876	4.5	right_hand	2	503469
2039.38	4.5	left_hand	1	509845
2071.836	4.5	left_hand	1	517959
2107.416	4.5	right_hand	2	526854
2115.836	4.5	right_hand	2	528959
2123.944	4.5	right_hand	2	530986
2133.764	4.5	left_hand	1	533441
2161.432	4.5	left_hand	1	540358
2205.576	4.5	right_hand	2	551394
2214.612	4.5	left_hand	1	553653
2232.184	4.5	left_hand	1	558046
2241.652	4.5	left_hand	1	560413
2270.264	4.5	right_hand	2	567566
2289.952	4.5	left_hand	1	572488
2298.14	4.5	right_hand	2	574535
2317.132	4.5	left_hand	1	579283
2326.484	4.5	right_hand	2	581621
2336.284	4.5	left_hand	1	584071
2354.54	4.5	right_hand	2	588635
2363.3	4.5	left_hand	1	590825
2372.424	4.5	right_hand	2	593106
2407.748	4.5	right_hand	2	601937
